City_ID,City,Country,Date,Lat,Lng,Max Temp,Humidity,Cloudiness,Wind Speed
0,Port Lincoln,AU,2022-04-06 01:37:15,-34.7333,135.8667,65.3,66,36,16.82
1,Ushuaia,AR,2022-04-06 01:34:39,-54.8,-68.3,37.06,87,40,27.63
2,Goundam,ML,2022-04-06 01:39:36,16.4145,-3.6708,85.86,10,30,9.69
3,Bredasdorp,ZA,2022-04-06 01:39:37,-34.5322,20.0403,58.03,75,14,14.0
4,Dakar,SN,2022-04-06 01:39:37,14.6937,-17.4441,65.28,84,0,18.7
5,Nikolskoye,RU,2022-04-06 01:39:37,59.7035,30.7861,26.8,78,100,11.1
6,Tailai,CN,2022-04-06 01:39:38,46.3833,123.4,36.88,15,2,15.86
7,Butaritari,KI,2022-04-06 01:39:38,3.0707,172.7902,81.57,80,100,17.13
8,Ushtobe,KZ,2022-04-06 01:39:38,45.2514,77.9838,64.58,33,8,5.12
9,Yellowknife,CA,2022-04-06 01:39:39,62.456,-114.3525,29.28,64,75,9.22
10,Torbay,CA,2022-04-06 01:35:28,47.6666,-52.7314,34.57,86,75,23.02
11,Vao,NC,2022-04-06 01:39:39,-22.6667,167.4833,76.06,87,100,18.05
12,Rudbar,AF,2022-04-06 01:39:39,30.15,62.6,75.09,12,0,7.23
13,Puerto Ayora,EC,2022-04-06 01:39:40,-0.7393,-90.3518,77.83,87,23,6.4
14,Narsaq,GL,2022-04-06 01:39:40,60.9167,-46.05,32.22,83,24,0.76
15,San Cristobal,VE,2022-04-06 01:39:40,7.7669,-72.225,73.58,97,70,3.36
16,Oga,IT,2022-04-06 01:39:41,46.4631,10.347,38.08,89,27,1.21
17,Wanning,CN,2022-04-06 01:39:41,18.8003,110.3967,75.58,69,90,8.86
18,Ribeira Grande,PT,2022-04-06 01:39:41,38.5167,-28.7,60.58,88,65,14.72
19,Khatanga,RU,2022-04-06 01:39:41,71.9667,102.5,2.84,87,13,12.33
20,Lagoa,PT,2022-04-06 01:39:42,39.05,-27.9833,59.68,86,67,15.35
21,Bethel,US,2022-04-06 01:39:39,41.3712,-73.414,49.08,67,100,4.68
22,Rikitea,PF,2022-04-06 01:39:42,-23.1203,-134.9692,79.0,67,78,17.25
23,Grand-Santi,GF,2022-04-06 01:39:42,4.25,-54.3833,73.13,99,100,2.21
24,Tura,IN,2022-04-06 01:39:43,25.5198,90.2201,76.05,75,20,6.24
25,Hermanus,ZA,2022-04-06 01:39:43,-34.4187,19.2345,59.81,76,81,16.58
26,Saint-Pierre,RE,2022-04-06 01:39:43,-21.3393,55.4781,75.29,87,100,4.61
27,Sangar,RU,2022-04-06 01:39:44,63.9242,127.4739,5.27,91,100,5.64
28,Sabzevar,IR,2022-04-06 01:39:44,36.2126,57.6819,67.35,29,100,4.14
29,Ahuimanu,US,2022-04-06 01:39:45,21.4447,-157.8378,82.11,65,40,13.8
30,Nivala,FI,2022-04-06 01:39:45,63.9167,24.9667,29.68,96,100,4.68
31,The Valley,AI,2022-04-06 01:39:45,18.217,-63.0578,78.82,75,18,18.43
32,Aklavik,CA,2022-04-06 01:39:46,68.2191,-135.0107,5.79,85,100,7.76
33,Matadi,CD,2022-04-06 01:39:46,-5.8167,13.45,76.14,93,100,1.07
34,Marquard,ZA,2022-04-06 01:39:46,-28.6645,27.4305,52.39,50,10,4.54
35,New Norfolk,AU,2022-04-06 01:39:46,-42.7826,147.0587,60.66,34,0,2.66
36,Qeshm,IR,2022-04-06 01:39:47,26.9581,56.2719,71.47,76,0,3.87
37,Constitucion,CL,2022-04-06 01:39:47,-35.3333,-72.4167,55.69,84,10,10.36
38,Coremas,BR,2022-04-06 01:39:47,-7.0144,-37.9458,75.2,60,100,3.85
39,Bluff,NZ,2022-04-06 01:39:48,-46.6,168.3333,52.68,70,74,32.39
40,Cidreira,BR,2022-04-06 01:39:48,-30.1811,-50.2056,67.06,76,52,6.02
41,Chokurdakh,RU,2022-04-06 01:39:48,70.6333,147.9167,-3.75,90,15,6.02
42,Mbaiki,CF,2022-04-06 01:39:49,3.8678,17.9892,69.66,99,100,0.98
43,Payson,US,2022-04-06 01:39:49,40.0444,-111.7321,41.38,46,82,7.0
44,Mataura,NZ,2022-04-06 01:39:49,-46.1927,168.8643,48.51,84,100,13.13
45,Tevaitoa,PF,2022-04-06 01:39:50,-16.7833,-151.5,82.78,77,14,19.84
46,Talnakh,RU,2022-04-06 01:39:50,69.4865,88.3972,13.24,80,100,8.55
47,Punta Arenas,CL,2022-04-06 01:38:58,-53.15,-70.9167,35.71,75,0,4.61
48,Carnarvon,AU,2022-04-06 01:40:50,-24.8667,113.6333,82.47,54,2,10.36
49,Santa Fe,AR,2022-04-06 01:35:51,-31.6333,-60.7,69.03,80,0,1.99
50,Fredericton,CA,2022-04-06 01:37:06,45.9454,-66.6656,31.24,62,0,3.44
51,San Fernando,PH,2022-04-06 01:40:51,15.0286,120.6898,90.81,48,94,9.17
52,Boa Vista,BR,2022-04-06 01:40:51,2.8197,-60.6733,80.58,78,40,5.75
53,Sao Filipe,CV,2022-04-06 01:40:51,14.8961,-24.4956,71.1,72,6,7.96
54,Pevek,RU,2022-04-06 01:40:52,69.7008,170.3133,-3.19,90,100,7.07
55,Kangshan,CN,2022-04-06 01:40:52,28.8812,116.4311,66.09,58,99,3.58
56,Guerrero Negro,MX,2022-04-06 01:40:52,27.9769,-114.0611,61.54,85,1,13.8
57,Omboue,GA,2022-04-06 01:40:53,-1.5746,9.2618,76.44,92,100,5.03
58,Sitka,US,2022-04-06 01:37:26,57.0531,-135.33,44.49,65,75,12.66
59,Port Elizabeth,ZA,2022-04-06 01:40:53,-33.918,25.5701,63.1,74,0,18.41
60,Bambous Virieux,MU,2022-04-06 01:40:53,-20.3428,57.7575,77.25,88,40,8.05
61,Kavieng,PG,2022-04-06 01:40:54,-2.5744,150.7967,81.36,75,100,14.54
62,Airai,TL,2022-04-06 01:40:54,-8.9266,125.4092,74.12,54,42,2.46
63,Arraial Do Cabo,BR,2022-04-06 01:40:54,-22.9661,-42.0278,76.48,89,5,11.01
64,Kavaratti,IN,2022-04-06 01:40:55,10.5669,72.642,83.19,73,42,5.48
65,Leningradskiy,RU,2022-04-06 01:40:55,69.3833,178.4167,-3.19,93,91,24.14
66,Upernavik,GL,2022-04-06 01:40:55,72.7868,-56.1549,16.29,98,100,4.12
67,Faanui,PF,2022-04-06 01:40:56,-16.4833,-151.75,82.96,76,8,19.51
68,Sovetskiy,RU,2022-04-06 01:40:56,61.3614,63.5842,18.36,85,46,10.45
69,Cape Town,ZA,2022-04-06 01:38:48,-33.9258,18.4232,58.12,88,40,8.05
70,Pangnirtung,CA,2022-04-06 01:40:56,66.1451,-65.7125,2.95,86,100,4.14
71,Provideniya,RU,2022-04-06 01:40:57,64.3833,-173.3,12.36,62,0,13.42
72,Dingle,PH,2022-04-06 01:40:57,10.9995,122.6711,82.35,75,100,12.44
73,Port Hardy,CA,2022-04-06 01:37:06,50.6996,-127.4199,46.4,76,75,4.61
74,Makurdi,NG,2022-04-06 01:40:57,7.7411,8.5121,81.9,70,100,10.02
75,Qaanaaq,GL,2022-04-06 01:40:58,77.484,-69.3632,10.22,90,100,1.52
76,Georgetown,MY,2022-04-06 01:40:58,5.4112,100.3354,80.53,93,20,3.44
77,Ndele,CF,2022-04-06 01:40:58,8.4109,20.6473,78.3,63,100,7.43
78,Busselton,AU,2022-04-06 01:40:59,-33.65,115.3333,66.31,53,99,7.76
79,Villerupt,FR,2022-04-06 01:40:59,49.4674,5.9329,47.08,89,98,1.99
80,Tiksi,RU,2022-04-06 01:40:59,71.6872,128.8694,-9.45,99,98,3.85
81,Kapaa,US,2022-04-06 01:40:59,22.0752,-159.319,78.78,77,75,13.8
82,Mar Del Plata,AR,2022-04-06 01:40:05,-38.0023,-57.5575,65.08,64,0,13.0
83,Nibbar,TN,2022-04-06 01:41:00,36.2941,8.7666,52.48,88,40,3.44
84,Port Alfred,ZA,2022-04-06 01:41:00,-33.5906,26.891,58.17,85,8,10.78
85,Barrow,US,2022-04-06 01:41:00,71.2906,-156.7887,-12.98,77,0,10.36
86,Bilibino,RU,2022-04-06 01:41:01,68.0546,166.4372,5.97,75,96,3.53
87,Hilo,US,2022-04-06 01:38:31,19.7297,-155.09,78.53,76,100,5.75
88,Northam,GB,2022-04-06 01:40:53,51.0333,-4.2167,50.4,95,100,22.48
89,Vaini,TO,2022-04-06 01:41:01,-21.2,-175.2,80.76,89,40,4.61
90,Dwarka,IN,2022-04-06 01:41:02,22.2394,68.9678,79.38,72,98,13.76
91,Juneau,US,2022-04-06 01:41:02,58.3019,-134.4197,39.22,96,100,4.61
92,Wang Saphung,TH,2022-04-06 01:41:02,17.301,101.7685,80.74,78,66,3.44
93,Gamba,GA,2022-04-06 01:41:02,-2.65,10.0,77.27,93,100,4.72
94,Jamestown,US,2022-04-06 01:41:03,42.097,-79.2353,51.06,50,100,3.0
95,Puerto Ayacucho,VE,2022-04-06 01:42:03,5.6639,-67.6236,74.57,92,100,3.09
96,Mtambile,TZ,2022-04-06 01:42:04,-5.3833,39.7,81.27,73,19,4.92
97,Hithadhoo,MV,2022-04-06 01:42:04,-0.6,73.0833,82.15,68,11,3.29
98,Summerside,CA,2022-04-06 01:37:24,46.3959,-63.7876,30.33,93,8,8.05
99,Jalandhar,IN,2022-04-06 01:42:05,31.3256,75.5792,76.62,11,0,2.01
100,Hobart,AU,2022-04-06 01:42:05,-42.8794,147.3294,61.02,55,75,6.91
101,Jamkhed,IN,2022-04-06 01:38:20,18.7362,75.3121,84.96,27,50,5.21
102,Cherskiy,RU,2022-04-06 01:42:05,68.75,161.3,0.01,87,89,5.28
103,Severo-Kurilsk,RU,2022-04-06 01:42:06,50.6789,156.125,36.5,92,54,3.06
104,Thompson,CA,2022-04-06 01:42:06,55.7435,-97.8558,37.56,56,75,6.91
105,Saskylakh,RU,2022-04-06 01:42:06,71.9167,114.0833,-9.78,95,41,4.52
106,Kruisfontein,ZA,2022-04-06 01:42:07,-34.0033,24.7314,60.89,77,93,11.1
107,Abu Samrah,SY,2022-04-06 01:42:07,35.3029,37.1841,64.44,28,97,5.86
108,Olafsvik,IS,2022-04-06 01:42:07,64.8945,-23.7142,27.34,68,60,27.18
109,Broome,US,2022-04-06 01:42:08,42.2506,-75.833,54.37,50,0,10.36
110,Lluta,PE,2022-04-06 01:42:08,-16.0147,-72.0142,53.49,70,71,2.24
111,Volga,RU,2022-04-06 01:42:08,57.9516,38.3879,32.34,98,100,11.9
112,Correntina,BR,2022-04-06 01:42:09,-13.3433,-44.6367,70.97,55,0,3.33
113,Albany,US,2022-04-06 01:39:06,42.6001,-73.9662,50.65,58,100,7.09
114,East London,ZA,2022-04-06 01:42:09,-33.0153,27.9116,65.26,68,50,10.69
115,Dikson,RU,2022-04-06 01:42:09,73.5069,80.5464,-0.18,80,14,19.24
116,Khorramshahr,IR,2022-04-06 01:42:10,30.4397,48.1664,71.56,35,0,4.61
117,Zyryanka,RU,2022-04-06 01:42:10,65.75,150.85,2.57,75,90,2.98
118,Chapais,CA,2022-04-06 01:42:10,49.7834,-74.8492,26.38,89,12,4.56
119,Enshi,CN,2022-04-06 01:42:11,30.3,109.4833,66.29,63,99,0.67
120,Beringovskiy,RU,2022-04-06 01:42:11,63.05,179.3167,8.76,68,1,2.62
121,Zhigansk,RU,2022-04-06 01:42:11,66.7697,123.3711,-0.15,87,66,12.71
122,Esperance,AU,2022-04-06 01:42:12,-33.8667,121.9,66.04,62,85,8.95
123,Saint Anthony,US,2022-04-06 01:42:12,45.0205,-93.218,45.48,93,100,14.97
124,Mount Isa,AU,2022-04-06 01:42:12,-20.7333,139.5,89.37,11,0,10.36
125,Keningau,MY,2022-04-06 01:42:13,5.3378,116.1602,83.19,66,97,1.54
126,Hofn,IS,2022-04-06 01:42:13,64.2539,-15.2082,31.15,62,23,20.6
127,Katsuura,JP,2022-04-06 01:37:50,35.1333,140.3,62.58,62,100,14.58
128,Atuona,PF,2022-04-06 01:42:13,-9.8,-139.0333,79.34,74,1,22.26
129,Roald,NO,2022-04-06 01:42:14,62.5833,6.1333,33.33,93,82,5.75
130,Moron,AR,2022-04-06 01:42:14,-34.6534,-58.6198,64.96,64,0,5.64
131,Berlevag,NO,2022-04-06 01:42:14,70.8578,29.0864,30.0,87,100,28.77
132,Pacific Grove,US,2022-04-06 01:40:00,36.6177,-121.9166,67.37,70,0,8.05
133,Bay Roberts,CA,2022-04-06 01:40:51,47.5999,-53.2648,34.52,83,100,11.99
134,Cabo San Lucas,MX,2022-04-06 01:37:37,22.8909,-109.9124,72.7,68,0,10.36
135,Castro,BR,2022-04-06 01:42:15,-24.7911,-50.0119,63.18,99,46,5.46
136,Chernyshevskiy,RU,2022-04-06 01:42:15,63.0128,112.4714,14.86,91,98,2.77
137,Mogzon,RU,2022-04-06 01:42:16,51.7435,111.9606,24.42,76,100,2.06
138,Kabare,CD,2022-04-06 01:42:16,-2.4683,28.8242,63.0,89,100,0.51
139,Ponta Do Sol,PT,2022-04-06 01:42:16,32.6667,-17.1,59.63,58,41,7.56
140,Shingu,JP,2022-04-06 01:43:16,33.7333,135.9833,66.54,45,100,2.98
141,High Level,CA,2022-04-06 01:43:17,58.5169,-117.136,44.71,39,40,5.75
142,Asau,RO,2022-04-06 01:43:17,46.4333,26.4,40.28,77,100,7.14
143,Meulaboh,ID,2022-04-06 01:43:17,4.1363,96.1285,80.19,77,99,2.64
144,Anloga,GH,2022-04-06 01:43:18,5.7947,0.8973,82.04,83,84,9.89
145,Vanimo,PG,2022-04-06 01:43:18,-2.6741,141.3028,86.47,66,100,5.97
146,Norman Wells,CA,2022-04-06 01:43:18,65.282,-126.8329,17.64,41,20,6.91
147,Verkhnyaya Inta,RU,2022-04-06 01:43:19,65.9811,60.3094,5.79,97,100,13.56
148,Peniche,PT,2022-04-06 01:39:54,39.3558,-9.3811,50.56,85,84,0.16
149,Guimar,ES,2022-04-06 01:43:19,28.3039,-16.4325,57.76,76,31,6.6
150,San Patricio,US,2022-04-06 01:41:21,28.017,-97.5169,78.75,89,35,17.65
151,Martinez,US,2022-04-06 01:43:19,38.0194,-122.1341,74.7,45,0,8.05
152,Kharan,PK,2022-04-06 01:43:20,28.5833,65.4167,73.83,15,100,3.13
153,Tynne,UA,2022-04-06 01:43:20,50.6015,26.1849,37.31,96,100,10.25
154,Trinidad,BO,2022-04-06 01:43:20,-14.8333,-64.9,75.07,89,44,1.39
155,Bengkulu,ID,2022-04-06 01:43:21,-3.8004,102.2655,77.88,78,100,2.37
156,Roma,US,2022-04-06 01:43:21,43.2128,-75.4557,53.74,47,0,9.22
157,Sisimiut,GL,2022-04-06 01:43:21,66.9395,-53.6735,25.07,95,99,2.95
158,Maniitsoq,GL,2022-04-06 01:43:22,65.4167,-52.9,26.64,92,98,4.18
159,Mehamn,NO,2022-04-06 01:43:22,71.0357,27.8492,29.23,84,100,26.75
160,Pingliang,CN,2022-04-06 01:43:22,35.5392,106.6861,66.22,11,0,7.29
161,Mahebourg,MU,2022-04-06 01:43:23,-20.4081,57.7,77.29,88,40,8.05
162,High Rock,BS,2022-04-06 01:43:23,26.6208,-78.2833,78.82,83,7,14.41
163,Wajir,KE,2022-04-06 01:43:23,1.7471,40.0573,78.03,68,12,13.44
164,Santo Angelo,BR,2022-04-06 01:43:24,-28.2992,-54.2631,70.12,88,0,3.44
165,Ilulissat,GL,2022-04-06 01:43:24,69.2167,-51.1,26.62,86,100,8.05
166,Tomatlan,MX,2022-04-06 01:43:24,19.9333,-105.25,66.49,83,3,3.53
167,Yulara,AU,2022-04-06 01:43:25,-25.2406,130.9889,76.84,47,11,12.66
168,Dig,IN,2022-04-06 01:43:25,27.4667,77.3333,83.89,7,88,3.58
169,Havoysund,NO,2022-04-06 01:43:25,70.9963,24.6622,32.23,75,100,31.32
170,Neiafu,TO,2022-04-06 01:43:26,-18.65,-173.9833,84.88,70,75,4.61
171,Ternate,ID,2022-04-06 01:43:26,0.8,127.4,82.02,78,38,9.86
172,Sulangan,PH,2022-04-06 01:43:26,11.1373,123.7228,81.0,80,100,13.78
173,Moreira Sales,BR,2022-04-06 01:42:49,-24.0622,-53.0069,70.75,91,12,3.89
174,Store Heddinge,DK,2022-04-06 01:43:27,55.3097,12.3889,34.92,77,100,6.44
175,Luderitz,NA,2022-04-06 01:43:27,-26.6481,15.1594,59.54,75,0,12.15
176,Souillac,MU,2022-04-06 01:43:27,-20.5167,57.5167,77.38,88,40,8.05
177,Homer,US,2022-04-06 01:43:28,59.6425,-151.5483,42.67,48,0,6.91
178,Ahipara,NZ,2022-04-06 01:43:28,-35.1667,173.1667,72.07,79,25,10.0
179,Imeni Poliny Osipenko,RU,2022-04-06 01:43:28,52.4201,136.4853,27.88,83,100,11.14
180,Lorengau,PG,2022-04-06 01:43:28,-2.0226,147.2712,80.83,83,100,11.61
181,Ntcheu,MW,2022-04-06 01:43:29,-14.8203,34.6359,63.36,93,94,0.65
182,Touros,BR,2022-04-06 01:43:29,-5.1989,-35.4608,78.21,84,2,9.53
183,Gazli,UZ,2022-04-06 01:43:29,40.1333,63.45,72.64,24,100,13.15
184,Kloulklubed,PW,2022-04-06 01:43:30,7.0419,134.2556,82.9,73,99,4.03
185,Oranjemund,NA,2022-04-06 01:44:30,-28.55,16.4333,58.64,89,1,7.38
186,Klaksvik,FO,2022-04-06 01:44:30,62.2266,-6.589,32.92,63,100,18.77
187,Pyay,MM,2022-04-06 01:44:31,18.8167,95.2167,88.38,47,85,3.62
188,Andenes,NO,2022-04-06 01:44:31,69.3143,16.1194,33.78,69,40,29.93
189,Pithoragarh,IN,2022-04-06 01:44:31,29.5833,80.2167,60.46,19,0,2.64
190,Pontes E Lacerda,BR,2022-04-06 01:44:31,-15.2261,-59.3353,72.09,86,5,2.91
191,Marsh Harbour,BS,2022-04-06 01:44:32,26.5412,-77.0636,76.51,85,7,14.63
192,Dongsheng,CN,2022-04-06 01:44:32,39.8161,109.9776,55.35,17,20,15.32
193,Iqaluit,CA,2022-04-06 01:44:33,63.7506,-68.5145,2.93,77,75,28.77
194,Hervey Bay,AU,2022-04-06 01:44:33,-25.2986,152.8535,82.02,63,2,11.99
195,Djibo,BF,2022-04-06 01:44:33,14.1022,-1.6306,91.04,24,57,6.51
196,Powell River,CA,2022-04-06 01:44:33,49.8496,-124.5361,51.44,50,20,11.5
197,Mersing,MY,2022-04-06 01:44:34,2.4312,103.8405,80.51,83,40,3.44
198,Kandava,LV,2022-04-06 01:44:34,57.0409,22.7747,28.13,85,53,9.95
199,San Angelo,US,2022-04-06 01:42:59,31.4638,-100.437,88.02,9,0,13.8
200,Saint-Philippe,RE,2022-04-06 01:42:23,-21.3585,55.7679,76.59,89,100,10.25
201,Merauke,ID,2022-04-06 01:44:34,-8.4667,140.3333,85.1,67,9,4.72
202,Santa Marta,CO,2022-04-06 01:39:54,11.2408,-74.199,84.88,67,40,9.22
203,Sharan,RU,2022-04-06 01:44:35,54.8167,54.0,20.93,94,24,5.44
204,Kodiak,US,2022-04-06 01:44:35,57.79,-152.4072,36.91,75,100,10.36
205,Pop,UZ,2022-04-06 01:44:35,40.8736,71.1089,59.49,34,25,3.58
206,Westport,US,2022-04-06 01:44:36,41.1415,-73.3579,50.34,74,100,4.61
207,Longyearbyen,SJ,2022-04-06 01:40:18,78.2186,15.6401,10.24,61,0,16.11
208,Daru,PG,2022-04-06 01:44:36,-9.0763,143.2092,85.87,63,14,4.76
209,Bodden Town,KY,2022-04-06 01:44:37,19.2833,-81.25,82.0,76,20,5.99
210,Cockburn Town,TC,2022-04-06 01:41:11,21.4612,-71.1419,78.39,77,0,18.32
211,Lebu,CL,2022-04-06 01:44:37,-37.6167,-73.65,54.25,94,100,8.1
212,La Ronge,CA,2022-04-06 01:44:37,55.1001,-105.2842,43.05,52,20,10.36
213,Malanje,AO,2022-04-06 01:44:38,-9.5402,16.341,63.73,97,100,0.87
214,Skjervoy,NO,2022-04-06 01:44:38,70.0311,20.9714,32.0,69,100,20.8
215,Pangkalanbuun,ID,2022-04-06 01:44:38,-2.6833,111.6167,81.25,85,94,2.77
216,Vangaindrano,MG,2022-04-06 01:44:39,-23.35,47.6,74.7,89,58,2.37
217,Iranshahr,IR,2022-04-06 01:44:39,27.2025,60.6848,73.78,23,0,1.5
218,Sao Joao Da Barra,BR,2022-04-06 01:44:39,-21.6403,-41.0511,75.54,93,55,7.54
219,Hope,US,2022-04-06 01:39:43,33.6671,-93.5916,80.65,92,0,8.75
220,Orangeburg,US,2022-04-06 01:44:03,33.4918,-80.8557,64.24,90,0,9.22
221,Waipawa,NZ,2022-04-06 01:44:40,-41.4122,175.5153,65.3,74,100,17.18
222,Kegums,LV,2022-04-06 01:44:40,56.7451,24.7244,28.35,84,100,11.21
223,Crema,IT,2022-04-06 01:44:40,45.3588,9.6683,51.67,81,1,3.0
224,Ganzhou,CN,2022-04-06 01:44:41,28.8184,115.4327,69.57,58,73,2.86
225,Chenghai,CN,2022-04-06 01:44:41,23.4632,116.768,67.91,73,4,2.24
226,Aksu,CN,2022-04-06 01:44:41,41.1231,80.2644,61.25,22,0,3.98
227,Dalby,AU,2022-04-06 01:44:42,-27.1833,151.2667,82.98,47,0,4.0
228,Nome,US,2022-04-06 01:44:42,64.5011,-165.4064,10.47,61,0,6.91
229,Turbat,PK,2022-04-06 01:44:42,26.0023,63.044,78.08,31,3,1.21
230,Puerto Narino,CO,2022-04-06 01:44:43,-3.7703,-70.3831,73.51,97,100,1.28
231,Muzhi,RU,2022-04-06 01:45:43,65.3667,64.6667,16.72,77,100,29.15
232,Palmer,US,2022-04-06 01:45:43,42.1584,-72.3287,48.81,46,100,4.68
233,Ipojuca,BR,2022-04-06 01:45:44,-8.3989,-35.0639,82.31,86,95,3.02
234,Saint George,US,2022-04-06 01:45:36,37.1041,-113.5841,79.39,12,0,21.85
235,Delano,US,2022-04-06 01:45:44,35.7688,-119.247,75.78,40,0,10.36
236,Marovoay,MG,2022-04-06 01:45:44,-16.1,46.6333,73.17,93,39,2.26
237,Amapa,BR,2022-04-06 01:45:45,1.0,-52.0,71.64,100,100,2.55
238,Krasnyy Chikoy,RU,2022-04-06 01:45:45,50.3643,108.7512,35.98,81,99,4.72
239,Bahia Honda,CU,2022-04-06 01:45:45,22.9036,-83.1592,77.9,84,15,7.25
240,Acapulco,MX,2022-04-06 01:45:28,16.8634,-99.8901,76.05,75,9,9.91
241,Salalah,OM,2022-04-06 01:45:46,17.0151,54.0924,75.29,83,20,3.44
242,Muisne,EC,2022-04-06 01:45:46,0.6,-80.0333,77.67,87,94,5.26
243,Batemans Bay,AU,2022-04-06 01:45:46,-35.7167,150.1833,67.1,74,100,8.28
244,Hami,CN,2022-04-06 01:45:47,42.8,93.45,65.08,16,0,9.64
245,Colares,PT,2022-04-06 01:45:47,38.7992,-9.4469,53.29,63,96,8.99
246,Rocha,UY,2022-04-06 01:45:48,-34.4833,-54.3333,53.22,64,0,7.14
247,Nsanje,MW,2022-04-06 01:45:48,-16.92,35.262,73.81,98,98,0.96
248,Broken Hill,AU,2022-04-06 01:45:48,-31.95,141.4333,73.11,38,40,12.66
249,Cururupu,BR,2022-04-06 01:45:49,-1.8283,-44.8683,74.03,98,99,1.88
250,Krasnoarmeysk,RU,2022-04-06 01:45:49,51.0239,45.6969,35.29,80,100,11.59
251,Tindwari,IN,2022-04-06 01:45:49,25.6167,80.5333,86.14,6,8,4.29
252,Erenhot,CN,2022-04-06 01:45:49,43.6475,111.9767,45.64,22,19,10.09
253,Abu Zabad,SD,2022-04-06 01:45:50,12.35,29.25,83.17,18,0,9.53
254,Kasur,PK,2022-04-06 01:45:50,31.1156,74.4467,73.51,11,0,3.4
255,Cruzeiro Do Sul,BR,2022-04-06 01:45:50,-29.5128,-51.9853,68.07,89,100,3.15
256,Znamenka,RU,2022-04-06 01:45:51,52.4167,41.4311,36.95,89,100,16.11
257,Darab,IR,2022-04-06 01:45:51,28.7519,54.5444,63.68,26,3,3.29
258,Geraldton,AU,2022-04-06 01:45:51,-28.7667,114.6,77.41,47,34,17.27
259,Cubara,CO,2022-04-06 01:45:52,7.0008,-72.1085,73.53,94,99,2.44
260,Novochernorechenskiy,RU,2022-04-06 01:45:52,56.2669,91.0828,42.39,80,100,8.34
261,Atikokan,CA,2022-04-06 01:45:53,48.7555,-91.6216,32.4,96,100,12.64
262,Viedma,AR,2022-04-06 01:45:53,-40.8135,-62.9967,69.24,40,98,13.85
263,Marawi,PH,2022-04-06 01:45:53,7.9986,124.2928,67.75,98,100,1.05
264,Kingston,JM,2022-04-06 01:45:35,17.997,-76.7936,79.75,76,20,19.57
265,Lucapa,AO,2022-04-06 01:45:53,-8.4192,20.7447,63.91,96,100,1.19
266,Mandera,KE,2022-04-06 01:45:54,3.9366,41.867,79.7,63,0,13.2
267,Chateaubelair,VC,2022-04-06 01:45:54,13.2833,-61.25,77.0,70,18,15.57
268,Padang,ID,2022-04-06 01:45:54,-0.9492,100.3543,80.65,68,82,3.04
269,Choix,MX,2022-04-06 01:45:55,26.7092,-108.3219,74.77,38,0,3.47
270,Ponot,PH,2022-04-06 01:45:55,8.452,123.0222,77.23,90,100,5.79
271,Notodden,NO,2022-04-06 01:46:55,59.5594,9.2585,30.96,76,100,3.06
272,Chalette-Sur-Loing,FR,2022-04-06 01:46:56,48.0134,2.7359,49.32,94,70,7.58
273,Ewa Beach,US,2022-04-06 01:46:56,21.3156,-158.0072,82.35,53,75,13.8
274,Bathsheba,BB,2022-04-06 01:42:32,13.2167,-59.5167,77.61,69,0,13.8
275,Verkhniye Kigi,RU,2022-04-06 01:46:56,55.4083,58.6044,28.04,88,83,8.84
276,Tuktoyaktuk,CA,2022-04-06 01:43:36,69.4541,-133.0374,-5.8,71,20,9.22
277,Makushino,RU,2022-04-06 01:46:57,55.2103,67.2442,31.96,78,15,12.77
278,Pakhtakoron,TJ,2022-04-06 01:46:57,40.1571,68.7466,70.34,23,40,15.68
279,Comodoro Rivadavia,AR,2022-04-06 01:45:00,-45.8667,-67.5,49.86,93,100,11.5
280,Mount Darwin,ZW,2022-04-06 01:46:57,-16.7725,31.5838,65.3,94,9,2.53
281,Hudson Bay,CA,2022-04-06 01:46:57,52.85,-102.3842,35.08,93,100,10.58
282,Clyde River,CA,2022-04-06 01:46:58,70.4692,-68.5914,-1.97,84,75,4.61
283,Gornopravdinsk,RU,2022-04-06 01:46:58,60.05,69.9,28.15,89,100,13.73
284,Tasiilaq,GL,2022-04-06 01:46:58,65.6145,-37.6368,15.96,89,41,6.91
285,Komsomolskiy,UZ,2022-04-06 01:44:49,40.4272,71.7189,59.72,41,17,9.22
286,Hualmay,PE,2022-04-06 01:44:55,-11.0964,-77.6139,68.85,86,43,8.08
287,Pavlohrad,UA,2022-04-06 01:46:59,48.5167,35.8667,41.49,87,100,15.21
288,Henties Bay,NA,2022-04-06 01:46:59,-22.116,14.2845,59.99,86,0,6.6
289,Presque Isle,US,2022-04-06 01:44:12,46.6811,-68.0159,34.23,47,0,0.0
290,Jardim,BR,2022-04-06 01:46:59,-21.4803,-56.1381,78.93,65,95,2.42
291,Changli,CN,2022-04-06 01:47:00,39.7042,119.1506,44.92,22,100,14.07
292,Rumford,US,2022-04-06 01:42:23,44.5537,-70.5509,43.92,49,7,3.15
293,Lasa,IT,2022-04-06 01:46:01,46.6166,10.7002,45.48,78,37,1.72
294,Nizhniy Kuranakh,RU,2022-04-06 01:47:00,58.8353,125.4869,14.86,80,100,9.98
295,Coquimbo,CL,2022-04-06 01:42:52,-29.9533,-71.3436,55.13,100,100,4.61
296,Verkhnevilyuysk,RU,2022-04-06 01:47:01,63.4453,120.3167,11.48,83,93,4.18
297,Awjilah,LY,2022-04-06 01:47:01,29.1081,21.2869,82.54,8,7,4.54
298,Galich,RU,2022-04-06 01:47:01,58.3797,42.3475,30.09,95,100,12.01
299,Alofi,NU,2022-04-06 01:47:02,-19.0595,-169.9187,84.09,65,75,5.75
300,Williston,US,2022-04-06 01:46:37,48.147,-103.618,45.03,68,100,9.24
301,Wasilla,US,2022-04-06 01:47:02,61.5814,-149.4394,41.09,66,75,24.16
302,Tiznit,MA,2022-04-06 01:47:03,29.5833,-9.5,50.65,76,83,11.88
303,Pemangkat,ID,2022-04-06 01:47:03,1.1667,108.9667,83.77,69,77,3.04
304,Dengfeng,CN,2022-04-06 01:47:05,34.4553,113.0281,69.85,38,0,5.5
305,Hasaki,JP,2022-04-06 01:47:05,35.7333,140.8333,66.6,74,100,12.41
306,Port-Gentil,GA,2022-04-06 01:46:41,-0.7193,8.7815,80.38,81,100,7.29
307,Okhotsk,RU,2022-04-06 01:47:05,59.3833,143.3,25.43,75,100,23.44
308,Montepuez,MZ,2022-04-06 01:47:06,-13.1256,38.9997,67.64,99,24,2.55
309,Hwange,ZW,2022-04-06 01:47:06,-18.3693,26.5019,67.68,84,19,1.32
310,Cleburne,US,2022-04-06 01:47:06,32.3476,-97.3867,87.37,44,0,10.51
311,Wabag,PG,2022-04-06 01:47:07,-5.4781,143.7021,69.51,65,93,2.13
312,Avarua,CK,2022-04-06 01:47:07,-21.2078,-159.775,84.25,74,100,10.36
313,Pokhara,NP,2022-04-06 01:47:07,28.2333,83.9833,78.85,29,8,1.81
314,Ancud,CL,2022-04-06 01:47:08,-41.8697,-73.8203,58.23,92,100,17.65
315,Fleet,GB,2022-04-06 01:47:08,51.2833,-0.8333,49.69,73,20,20.71
316,Coihaique,CL,2022-04-06 01:46:00,-45.5752,-72.0662,54.21,87,75,10.36
317,Ostrovnoy,RU,2022-04-06 01:47:08,68.0531,39.5131,22.08,90,100,15.84
318,Verkhoyansk,RU,2022-04-06 01:47:09,67.5447,133.385,1.22,85,96,2.55
319,Panjab,AF,2022-04-06 01:48:09,34.388,67.0233,45.14,32,14,1.32
320,Mbigou,GA,2022-04-06 01:48:10,-1.9005,11.906,67.5,97,100,2.73
321,Deniliquin,AU,2022-04-06 01:48:10,-35.5333,144.9667,72.84,36,98,5.57
322,Hyeres,FR,2022-04-06 01:48:10,43.1167,6.1167,37.15,93,0,4.61
323,Mareeba,AU,2022-04-06 01:48:11,-17.0,145.4333,86.49,55,33,1.74
324,Libreville,GA,2022-04-06 01:48:11,0.3925,9.4537,75.22,94,20,5.75
325,Anadyr,RU,2022-04-06 01:48:12,64.75,177.4833,3.7,77,0,13.42
326,Vestmannaeyjar,IS,2022-04-06 01:48:12,63.4427,-20.2734,29.57,64,24,27.47
327,Lichinga,MZ,2022-04-06 01:48:12,-13.3128,35.2406,66.29,100,75,6.91
328,Pedernales,DO,2022-04-06 01:48:13,18.0384,-71.744,78.44,74,58,5.93
329,Asmar,AF,2022-04-06 01:48:13,35.0333,71.3581,67.12,32,0,11.21
330,Barwadih,IN,2022-04-06 01:48:13,23.8333,84.1167,84.63,8,0,3.91
331,Kadoma,JP,2022-04-06 01:48:14,34.7333,135.5833,66.38,39,75,10.36
332,Gogrial,SS,2022-04-06 01:48:14,8.5332,28.1004,84.74,46,6,4.09
333,Fort Smith,US,2022-04-06 01:48:14,35.3859,-94.3986,75.24,63,0,8.05
334,Florianopolis,BR,2022-04-06 01:48:15,-27.6146,-48.5012,71.37,87,75,5.75
335,Arlit,NE,2022-04-06 01:48:15,18.7369,7.3853,85.75,7,99,10.04
336,Pula,HR,2022-04-06 01:48:15,44.8683,13.8481,41.56,87,0,5.75
337,Quatre Cocos,MU,2022-04-06 01:48:16,-20.2078,57.7625,77.11,85,100,11.12
338,Manokwari,ID,2022-04-06 01:48:16,-0.8667,134.0833,83.62,74,81,5.35
339,Lantawan,PH,2022-04-06 01:48:17,10.6167,123.9833,76.69,79,100,7.94
340,Sola,VU,2022-04-06 01:48:17,-13.8833,167.55,83.28,73,99,14.94
341,Berdigestyakh,RU,2022-04-06 01:48:17,62.0989,126.6992,9.81,87,100,10.74
342,Victoria,HK,2022-04-06 01:48:18,22.2855,114.1577,76.96,71,25,4.0
343,Agnibilekrou,CI,2022-04-06 01:48:18,7.1344,-3.2047,75.06,91,100,2.86
344,Dobson,US,2022-04-06 01:45:58,36.3957,-80.7226,59.4,99,100,6.91
345,Mogadishu,SO,2022-04-06 01:48:18,2.0371,45.3438,80.51,76,31,11.07
346,Khandyga,RU,2022-04-06 01:48:19,62.6667,135.6,17.2,78,100,6.04
347,Sorland,NO,2022-04-06 01:48:19,67.667,12.6934,33.67,60,100,15.1
348,Rundu,NA,2022-04-06 01:48:19,-17.9333,19.7667,67.82,67,22,4.38
349,Tocopilla,CL,2022-04-06 01:48:20,-22.092,-70.1979,71.2,58,91,7.36
350,Rio Gallegos,AR,2022-04-06 01:47:27,-51.6226,-69.2181,32.05,80,0,8.05
351,Tutoia,BR,2022-04-06 01:48:20,-2.7619,-42.2744,76.64,89,100,5.53
352,Najran,SA,2022-04-06 01:48:20,17.4924,44.1277,63.25,13,0,2.71
353,Pandan Niog,PH,2022-04-06 01:48:21,6.2282,120.5631,81.5,78,89,9.33
354,Liberty,US,2022-04-06 01:46:37,31.8335,-81.5004,66.31,47,100,8.05
355,Hauterive,FR,2022-04-06 01:48:21,46.0901,3.4459,48.96,97,100,2.64
356,Chara,RU,2022-04-06 01:48:22,56.9064,118.2631,7.43,66,7,2.75
357,Moranbah,AU,2022-04-06 01:48:22,-22.0016,148.0466,88.59,35,0,9.98
358,Sinnamary,GF,2022-04-06 01:48:22,5.3833,-52.95,77.22,87,84,11.18
359,Vikulovo,RU,2022-04-06 01:48:23,56.8167,70.6107,31.23,80,10,15.66
360,Nara,JP,2022-04-06 01:48:23,34.6851,135.8049,65.7,33,19,8.12
361,Cabinda,AO,2022-04-06 01:48:23,-5.55,12.2,76.78,92,100,5.77
362,Jumla,NP,2022-04-06 01:48:24,29.2747,82.1838,60.48,20,27,1.72
363,Lompoc,US,2022-04-06 01:48:24,34.6391,-120.4579,78.94,68,0,30.0
364,Troitsko-Pechorsk,RU,2022-04-06 01:48:24,62.7084,56.1964,-3.01,100,75,2.75
365,Nouadhibou,MR,2022-04-06 01:48:24,20.931,-17.0347,64.38,68,0,25.32
366,Merritt Island,US,2022-04-06 01:49:25,28.5392,-80.672,77.04,81,75,10.36
367,Rawson,AR,2022-04-06 01:49:25,-43.3002,-65.1023,69.58,42,100,15.77
368,Srednekolymsk,RU,2022-04-06 01:49:25,67.45,153.6833,0.57,84,85,5.95
369,Turukhansk,RU,2022-04-06 01:49:26,65.8167,87.9833,33.55,99,100,18.25
370,Vagay,RU,2022-04-06 01:49:26,57.9375,69.0217,29.97,83,100,13.11
371,Seoul,KR,2022-04-06 01:47:43,37.5683,126.9778,56.59,58,75,5.75
372,Tuy Hoa,VN,2022-04-06 01:49:26,13.0833,109.3,75.87,84,100,14.43
373,Walvis Bay,NA,2022-04-06 01:49:27,-22.9575,14.5053,56.35,94,2,2.3
374,Chuy,UY,2022-04-06 01:46:14,-33.6971,-53.4616,56.26,74,0,6.67
375,Portlethen,GB,2022-04-06 01:49:27,57.0547,-2.1307,38.97,93,100,10.36
376,Virginia Beach,US,2022-04-06 01:48:10,36.8529,-75.978,66.25,88,100,11.5
377,Hutchinson,US,2022-04-06 01:44:32,38.0608,-97.9298,57.15,45,100,14.97
378,Kars,TR,2022-04-06 01:49:27,40.602,43.095,43.25,61,75,4.61
379,Portland,US,2022-04-06 01:48:33,45.5234,-122.6762,54.55,55,20,5.75
380,Manicore,BR,2022-04-06 01:49:28,-5.8092,-61.3003,74.3,99,100,0.76
381,Kalmunai,LK,2022-04-06 01:49:28,7.4167,81.8167,79.38,79,73,2.66
382,Kibiti,TZ,2022-04-06 01:49:28,-7.7218,38.9375,71.35,96,8,1.79
383,Adrian,US,2022-04-06 01:49:29,41.8975,-84.0372,50.14,75,0,6.91
384,Fairbanks,US,2022-04-06 01:45:31,64.8378,-147.7164,32.31,54,75,8.05
385,Neuquen,AR,2022-04-06 01:44:31,-38.9516,-68.0591,60.69,82,0,0.0
386,Banda Aceh,ID,2022-04-06 01:49:29,5.5577,95.3222,80.19,78,99,8.32
387,Dawlatabad,AF,2022-04-06 01:49:29,36.4141,64.9053,67.46,37,100,4.76
388,Passo De Camaragibe,BR,2022-04-06 01:49:30,-9.2368,-35.4901,76.55,93,100,1.14
389,Alta Floresta,BR,2022-04-06 01:49:30,-9.8756,-56.0861,71.74,95,94,2.01
390,Pasighat,IN,2022-04-06 01:49:30,28.0667,95.3333,70.11,89,100,1.25
391,Coahuayana,MX,2022-04-06 01:49:30,18.7333,-103.6833,68.18,88,4,2.24
392,Hamilton,US,2022-04-06 01:46:08,39.1834,-84.5333,53.76,95,100,6.91
393,Alice Springs,AU,2022-04-06 01:47:30,-23.7,133.8833,81.95,13,8,6.91
394,Grindavik,IS,2022-04-06 01:49:31,63.8424,-22.4338,28.87,74,75,27.63
395,Lyuban,BY,2022-04-06 01:49:32,52.7985,28.0048,31.59,97,100,7.99
396,Konstantinovka,RU,2022-04-06 01:49:32,49.6167,127.9833,27.66,62,26,17.05
397,Krasnoselkup,RU,2022-04-06 01:49:32,65.7,82.4667,33.75,96,100,23.06
398,Itaituba,BR,2022-04-06 01:44:45,-4.2761,-55.9836,71.56,99,96,2.04
399,Soyo,AO,2022-04-06 01:49:33,-6.1349,12.3689,76.75,91,100,7.09
400,Alyangula,AU,2022-04-06 01:49:33,-13.8483,136.4192,87.67,74,71,5.75
401,Dukat,RU,2022-04-06 01:49:33,62.55,155.55,10.22,85,91,5.26
402,Sydney,AU,2022-04-06 01:44:57,-33.8679,151.2073,67.71,93,75,24.16
403,Atar,MR,2022-04-06 01:49:34,20.5169,-13.0499,71.46,35,3,10.83
404,Acari,PE,2022-04-06 01:49:34,-15.4311,-74.6158,73.83,73,81,3.65
405,Pimenteiras,BR,2022-04-06 01:49:34,-6.2453,-41.4192,73.33,72,95,4.0
406,Vostok,RU,2022-04-06 01:49:35,46.4856,135.8833,26.82,68,99,17.43
407,Ayia Paraskevi,GR,2022-04-06 01:49:35,40.4833,23.05,50.79,84,86,1.01
408,Tautira,PF,2022-04-06 01:49:35,-17.7333,-149.15,82.29,80,29,22.26
409,Brattvag,NO,2022-04-06 01:49:35,62.6002,6.4434,33.37,93,70,5.75
410,Hovd,MN,2022-04-06 01:49:36,48.0056,91.6419,50.09,21,2,1.9
411,Raga,SS,2022-04-06 01:49:36,8.4596,25.678,79.61,46,64,3.44
412,Bundaberg,AU,2022-04-06 01:49:36,-24.85,152.35,86.22,59,75,11.5
413,Tongchuan,CN,2022-04-06 01:50:37,35.0806,109.0897,71.17,16,0,6.87
414,Umm Lajj,SA,2022-04-06 01:50:37,25.0213,37.2685,77.54,51,0,6.78
415,Kaoma,ZM,2022-04-06 01:50:37,-14.7833,24.8,62.76,97,51,3.89
416,Sambava,MG,2022-04-06 01:50:38,-14.2667,50.1667,74.61,90,36,4.85
417,Zermatt,CH,2022-04-06 01:50:38,46.0213,7.7491,36.18,92,0,8.05
418,Doka,SD,2022-04-06 01:50:38,13.5167,35.7667,86.14,20,0,8.48
419,Suntar,RU,2022-04-06 01:50:39,62.1444,117.6319,17.31,85,92,1.34
420,Sabanagrande,CO,2022-04-06 01:50:39,10.7912,-74.7606,80.69,83,20,9.22
421,Melilla,ES,2022-04-06 01:50:39,35.2937,-2.9383,55.6,87,0,1.14
422,Nabire,ID,2022-04-06 01:50:40,-3.3667,135.4833,89.08,53,13,6.04
423,Saint-Joseph,RE,2022-04-06 01:50:40,-21.3667,55.6167,75.58,87,97,10.31
424,Berea,US,2022-04-06 01:50:40,41.3662,-81.8543,56.28,83,100,0.0
425,Novyy Urengoy,RU,2022-04-06 01:50:41,66.0833,76.6333,31.73,94,100,20.0
426,Brownsville,US,2022-04-06 01:50:41,25.9018,-97.4975,81.09,82,0,10.36
427,Kaitangata,NZ,2022-04-06 01:50:41,-46.2817,169.8464,52.38,73,66,19.62
428,Qaqortoq,GL,2022-04-06 01:50:41,60.7167,-46.0333,29.17,95,40,4.23
429,Nzerekore,GN,2022-04-06 01:50:42,7.7562,-8.8179,71.01,96,11,2.3
430,Aktash,RU,2022-04-06 01:50:42,50.3,87.7333,31.51,60,76,4.52
431,Nanortalik,GL,2022-04-06 01:50:42,60.1432,-45.2371,30.61,83,50,3.2
432,Shieli,KZ,2022-04-06 01:50:43,44.1667,66.75,58.64,67,100,20.11
433,Shimoda,JP,2022-04-06 01:50:43,34.6667,138.95,69.1,60,100,11.97
434,Batticaloa,LK,2022-04-06 01:50:43,7.7102,81.6924,79.12,79,82,2.93
435,Show Low,US,2022-04-06 01:49:36,34.2542,-110.0298,64.69,30,0,12.66
436,Namatanai,PG,2022-04-06 01:50:44,-3.6667,152.4333,78.19,89,100,11.27
437,Mackay,AU,2022-04-06 01:47:27,-21.15,149.2,89.69,70,57,13.8
438,Lumphat,KH,2022-04-06 01:50:44,13.4878,106.9816,83.39,56,100,5.68
439,Luanda,AO,2022-04-06 01:50:45,-8.8368,13.2343,75.02,87,99,6.76
440,Gari,RU,2022-04-06 01:50:45,59.4307,62.3497,26.33,76,100,12.68
441,Voyvozh,RU,2022-04-06 01:50:45,62.892,54.9635,-1.62,100,100,2.15
442,Mount Gambier,AU,2022-04-06 01:47:00,-37.8333,140.7667,62.51,72,100,14.97
443,Labuhan,ID,2022-04-06 01:50:45,-6.8844,112.2051,82.27,77,90,9.06
444,Amahai,ID,2022-04-06 01:50:46,-3.3333,128.9167,83.39,69,24,3.62
445,Ulcinj,ME,2022-04-06 01:50:46,41.9294,19.2244,44.82,66,55,1.99
446,Selenduma,RU,2022-04-06 01:50:46,50.9131,106.2406,47.32,49,40,7.2
447,Yadrin,RU,2022-04-06 01:50:47,55.9405,46.2062,31.62,81,100,14.36
448,Fare,PF,2022-04-06 01:50:47,-16.7,-151.0167,82.69,76,6,19.53
449,Iroquois Falls,CA,2022-04-06 01:50:47,48.7669,-80.6831,32.09,92,60,7.96
450,Zimovniki,RU,2022-04-06 01:50:48,47.1483,42.4633,36.82,95,55,8.28
451,Chamonix-Mont-Blanc,FR,2022-04-06 01:50:48,45.9238,6.8693,42.89,92,12,4.74
452,Ojinaga,MX,2022-04-06 01:50:48,29.5667,-104.4167,85.15,17,0,6.91
453,Los Llanos De Aridane,ES,2022-04-06 01:50:49,28.6585,-17.9182,58.75,73,20,14.97
454,Deyang,CN,2022-04-06 01:50:49,31.1302,104.382,62.29,71,100,3.2
455,Mocuba,MZ,2022-04-06 01:50:49,-16.8392,36.9856,71.56,98,3,3.27
456,Sabang,ID,2022-04-06 01:50:50,5.8933,95.3214,80.6,72,100,16.42
457,Port Macquarie,AU,2022-04-06 01:47:06,-31.4333,152.9167,72.9,65,9,6.42
458,Gatton,AU,2022-04-06 01:50:50,-27.55,152.2833,79.74,60,48,9.1
459,Krasnogorskiy,RU,2022-04-06 01:50:50,54.6025,61.231,30.92,73,76,6.17
460,Piacabucu,BR,2022-04-06 01:50:51,-10.4056,-36.4344,77.45,75,6,6.76
461,Uyuni,BO,2022-04-06 01:50:51,-20.4597,-66.825,52.74,50,79,8.93
462,Marzuq,YE,2022-04-06 01:51:51,14.4,46.4667,65.64,25,0,4.23
463,Sao Jose Da Coroa Grande,BR,2022-04-06 01:51:52,-8.8978,-35.1478,77.31,84,79,4.14
464,Baykit,RU,2022-04-06 01:51:52,61.67,96.37,30.07,96,100,4.18
465,Svetlyy,RU,2022-04-06 01:51:52,54.675,20.1347,33.96,85,100,15.57
466,Bocas Del Toro,PA,2022-04-06 01:51:53,9.3333,-82.25,79.32,80,85,2.68
467,Itoman,JP,2022-04-06 01:51:53,26.1247,127.6694,71.62,50,75,12.66
468,Aksarka,RU,2022-04-06 01:51:53,66.5606,67.7975,20.5,91,100,22.28
469,Bowen,AU,2022-04-06 01:51:54,-20.0167,148.2333,84.4,57,14,12.17
470,Zabol,AF,2022-04-06 01:51:54,32.25,67.25,59.14,19,1,2.73
471,Xining,CN,2022-04-06 01:51:54,36.6167,101.7667,49.3,29,0,2.1
472,Port Hedland,AU,2022-04-06 01:51:54,-20.3167,118.5667,93.25,38,0,16.11
473,Mugur-Aksy,RU,2022-04-06 01:51:55,50.35,90.5,38.61,53,48,4.92
474,Novyy Oskol,RU,2022-04-06 01:51:55,50.7631,37.8691,38.55,81,100,15.39
475,Laguna,US,2022-04-06 01:51:55,38.421,-121.4238,77.29,14,0,12.66
476,Celestun,MX,2022-04-06 01:51:56,20.8667,-90.4,80.94,76,13,12.95
477,Half Moon Bay,US,2022-04-06 01:51:56,37.4636,-122.4286,67.41,66,0,25.32
478,Impfondo,CG,2022-04-06 01:51:56,1.6381,18.0667,69.3,98,100,1.81
479,Ponce,PR,2022-04-06 01:51:57,18.073,-66.6185,75.51,76,36,5.64
480,Deputatskiy,RU,2022-04-06 01:51:57,69.3,139.9,-4.25,91,84,3.36
481,Vrangel,RU,2022-04-06 01:51:57,42.7297,133.0839,38.14,39,1,19.75
482,Astoria,US,2022-04-06 01:51:57,46.1879,-123.8313,49.89,59,20,8.05
483,Tawau,MY,2022-04-06 01:51:58,4.2498,117.8871,78.93,88,100,1.99
484,Matam,SN,2022-04-06 01:51:58,15.6175,-13.3303,82.06,21,1,15.82
485,Conde,BR,2022-04-06 01:51:58,-7.2597,-34.9075,76.46,94,40,3.44
486,Wheatley,GB,2022-04-06 01:51:59,51.7473,-1.1394,50.02,81,100,1.99
487,Gizo,SB,2022-04-06 01:51:59,-8.103,156.8419,81.82,80,93,6.67
488,Dryden,CA,2022-04-06 01:51:59,49.7833,-92.7503,34.09,86,100,12.66
489,Belmonte,BR,2022-04-06 01:52:00,-15.8631,-38.8828,77.36,83,0,5.01
490,Saint-Augustin,CA,2022-04-06 01:52:00,51.226,-58.6502,31.44,82,100,13.73
491,Angoche,MZ,2022-04-06 01:52:00,-16.2325,39.9086,76.68,81,58,7.74
492,Ballina,AU,2022-04-06 01:52:01,-28.8667,153.5667,78.76,65,40,10.36
493,Ca Mau,VN,2022-04-06 01:52:01,9.1769,105.15,84.56,67,85,8.21
494,Saldanha,ZA,2022-04-06 01:52:01,-33.0117,17.9442,60.22,79,51,5.61
495,Sexsmith,CA,2022-04-06 01:52:01,55.35,-118.786,42.15,52,75,28.77
496,Samana,DO,2022-04-06 01:52:02,19.2056,-69.3369,74.73,81,0,7.29
497,San Andres,CO,2022-04-06 01:52:02,12.5847,-81.7006,82.42,78,75,9.22
498,Moose Factory,CA,2022-04-06 01:52:03,51.2585,-80.6094,26.6,68,0,9.22
499,Port Blair,IN,2022-04-06 01:52:03,11.6667,92.75,78.84,89,40,2.3
500,Whitianga,NZ,2022-04-06 01:52:03,-36.8333,175.7,71.67,82,20,11.63
501,Maunatlala,BW,2022-04-06 01:52:04,-22.597,27.6301,68.56,43,0,2.93
502,Freetown,SL,2022-04-06 01:52:04,8.484,-13.2299,80.31,78,20,8.05
503,Itarema,BR,2022-04-06 01:52:04,-2.9248,-39.9167,76.48,86,86,8.23
504,Kogon,UZ,2022-04-06 01:52:05,39.7228,64.5517,64.44,52,0,6.91
505,Pochutla,MX,2022-04-06 01:52:05,15.7432,-96.4661,78.82,70,0,5.57
506,Naica,MX,2022-04-06 01:52:06,27.85,-105.4833,71.46,10,0,5.03
507,Morant Bay,JM,2022-04-06 01:52:06,17.8815,-76.4093,80.22,86,60,8.5
508,Beaverlodge,CA,2022-04-06 01:52:06,55.2166,-119.4361,42.15,53,29,12.77
509,Vestmanna,FO,2022-04-06 01:52:07,62.1564,-7.1664,31.12,59,75,14.97
510,Puerto Madryn,AR,2022-04-06 01:53:07,-42.7692,-65.0385,69.39,43,99,12.35
511,Lavrentiya,RU,2022-04-06 01:53:07,65.5833,-171.0,2.17,77,3,4.5
512,Prince George,CA,2022-04-06 01:48:49,53.9166,-122.753,44.04,42,75,14.97
513,Gorontalo,ID,2022-04-06 01:53:08,0.5412,123.0595,84.85,71,94,3.74
514,Ust-Nera,RU,2022-04-06 01:53:08,64.5667,143.2,6.67,90,77,6.31
515,Nyuksenitsa,RU,2022-04-06 01:53:09,60.4128,44.2397,28.27,91,100,10.6
516,Phangnga,TH,2022-04-06 01:53:09,8.4509,98.5298,82.44,93,99,2.48
517,Caravelas,BR,2022-04-06 01:53:09,-17.7125,-39.2481,76.46,86,33,4.68
518,Kafanchan,NG,2022-04-06 01:53:10,9.5833,8.3,74.01,68,100,0.76
519,Buckeye,US,2022-04-06 01:53:10,33.3703,-112.5838,90.37,18,0,14.97
520,Codrington,AU,2022-04-06 01:53:10,-38.2667,141.9667,63.48,59,84,11.39
521,Fort-De-France,MQ,2022-04-06 01:53:11,14.6089,-61.0733,76.95,78,20,8.05
522,Pierre,US,2022-04-06 01:52:10,44.3683,-100.351,47.32,59,100,25.32
523,Payo,ID,2022-04-06 01:53:11,-3.7508,103.6372,82.76,68,53,0.89
524,Sarkand,KZ,2022-04-06 01:53:11,45.41,79.9186,62.42,29,0,8.1
525,Waddan,LY,2022-04-06 01:53:12,29.1614,16.139,82.6,10,0,4.59
526,Hohhot,CN,2022-04-06 01:53:12,40.8106,111.6522,55.69,21,0,6.71
527,Teahupoo,PF,2022-04-06 01:53:12,-17.8333,-149.2667,82.36,81,32,23.02
528,Feldkirchen An Der Donau,AT,2022-04-06 01:53:13,48.3452,14.0513,49.59,88,75,9.22
529,Winona,US,2022-04-06 01:53:13,43.9666,-91.7668,46.49,97,100,12.66
530,Tuatapere,NZ,2022-04-06 01:53:14,-46.1333,167.6833,50.38,77,100,19.91
531,Denpasar,ID,2022-04-06 01:53:14,-8.65,115.2167,80.26,94,75,6.91
532,Atascadero,US,2022-04-06 01:53:14,35.4894,-120.6707,65.86,44,1,7.52
533,Hondo,JP,2022-04-06 01:53:15,32.45,130.2,59.77,53,42,1.57
534,Urumqi,CN,2022-04-06 01:53:15,43.801,87.6005,61.75,20,0,8.95
535,Kudahuvadhoo,MV,2022-04-06 01:53:15,2.6708,72.8944,82.8,68,13,2.93
536,Muroto,JP,2022-04-06 01:53:16,33.2833,134.15,61.25,54,100,1.19
537,Husavik,IS,2022-04-06 01:53:16,66.0449,-17.3389,27.57,84,100,22.62
538,Birin,NP,2022-04-06 01:53:17,26.8865,88.0718,64.81,70,25,4.47
539,Alto Piquiri,BR,2022-04-06 01:53:17,-24.0281,-53.4406,72.1,88,44,4.34
540,Dovbysh,UA,2022-04-06 01:53:17,50.3733,27.9874,35.2,93,94,8.48
541,Greenville,US,2022-04-06 01:53:17,35.6127,-77.3663,64.42,95,100,9.22
542,Talas,TR,2022-04-06 01:53:18,38.6908,35.5538,52.47,40,75,2.3
543,Allapalli,IN,2022-04-06 01:53:18,19.4167,80.0667,84.85,49,41,7.54
544,Karratha,AU,2022-04-06 01:53:19,-20.7377,116.8463,91.08,40,6,2.13
545,Kupang,ID,2022-04-06 01:53:19,-10.1667,123.5833,84.67,66,48,2.15
546,Sinop,TR,2022-04-06 01:53:19,41.7711,34.8709,43.12,97,74,0.89
547,Bassano,CA,2022-04-06 01:53:20,50.7834,-112.4685,45.63,38,100,17.96
548,Camana,PE,2022-04-06 01:53:20,-16.6228,-72.7111,69.84,84,67,5.68
549,Grand Gaube,MU,2022-04-06 01:53:20,-20.0064,57.6608,77.4,91,100,3.0
550,Cassilandia,BR,2022-04-06 01:53:20,-19.1133,-51.7342,74.84,68,5,2.66
551,Tazovskiy,RU,2022-04-06 01:53:21,67.4667,78.7,32.7,98,100,16.22
552,Atambua,ID,2022-04-06 01:53:21,-9.1061,124.8925,82.13,64,78,0.81
553,Dubna,RU,2022-04-06 01:53:21,56.7333,37.1667,30.69,82,100,10.67
554,Krasnotorka,UA,2022-04-06 01:53:22,48.682,37.5327,40.19,77,100,15.41
555,Santa Cruz,BO,2022-04-06 01:52:53,-17.8,-63.1667,76.46,88,7,3.44
556,Chinhoyi,ZW,2022-04-06 01:53:22,-17.3667,30.2,63.75,91,19,2.68
557,San Policarpo,PH,2022-04-06 01:53:23,12.1791,125.5072,82.54,80,100,13.47
558,Udachnyy,RU,2022-04-06 01:54:23,66.4167,112.4,10.45,66,100,5.95
559,Grootfontein,NA,2022-04-06 01:54:23,-19.5667,18.1167,60.37,77,30,3.44
560,Los Andes,CL,2022-04-06 01:54:24,-32.8337,-70.5983,66.0,42,0,0.92
561,Margate,GB,2022-04-06 01:54:24,51.3813,1.3862,49.3,71,92,21.88
562,Vokhma,RU,2022-04-06 01:54:24,58.9303,46.7586,26.98,91,100,10.63
563,Kaltan,RU,2022-04-06 01:54:24,53.5347,87.2457,47.08,89,77,4.85
564,Menongue,AO,2022-04-06 01:54:25,-14.6585,17.691,66.87,74,89,1.48
565,Burevestnik,RU,2022-04-06 01:54:25,56.144,43.7883,33.55,75,40,11.18
566,Flinders,AU,2022-04-06 01:54:25,-34.5833,150.8552,65.37,93,100,7.4
567,Ranong,TH,2022-04-06 01:54:26,9.9658,98.6348,76.93,83,100,4.54
568,Zhaotong,CN,2022-04-06 01:54:26,27.3167,103.7167,47.46,70,100,3.51
569,Campo Verde,BR,2022-04-06 01:54:26,-20.4167,-54.0667,76.77,70,74,4.97
